K_Parameter,Average_Inertia_Metric
2,77.25665776103514
3,32.86895030226004
4,20.599808964617456
5,14.410845276850642
6,11.243412194601772
7,9.152393954047387
8,7.706776542369398
